-- --------------------------------------------------------
-- Host:                         127.0.0.1
-- Server version:               5.4.3-beta-community - MySQL Community Server (GPL)
-- Server OS:                    Win64
-- HeidiSQL Version:             9.3.0.4984
-- --------------------------------------------------------

/*!40101 SET @OLD_CHARACTER_SET_CLIENT=@@CHARACTER_SET_CLIENT */;
/*!40101 SET NAMES utf8 */;
/*!40014 SET @OLD_FOREIGN_KEY_CHECKS=@@FOREIGN_KEY_CHECKS, FOREIGN_KEY_CHECKS=0 */;
/*!40101 SET @OLD_SQL_MODE=@@SQL_MODE, SQL_MODE='NO_AUTO_VALUE_ON_ZERO' */;

-- Dumping structure for table lily.balance
DROP TABLE IF EXISTS `balance`;
CREATE TABLE IF NOT EXISTS `balance` (
  `creditor` varchar(30) NOT NULL,
  `debtor` varchar(30) NOT NULL,
  `amount` float(10,2) unsigned zerofill NOT NULL,
  PRIMARY KEY (`creditor`,`debtor`)
) ENGINE=MyISAM DEFAULT CHARSET=latin1;

-- Dumping data for table lily.balance: 30 rows
/*!40000 ALTER TABLE `balance` DISABLE KEYS */;
INSERT INTO `balance` (`creditor`, `debtor`, `amount`) VALUES
	('ty', 'zl', 0000000.00),
	('zl', 'ty', 0000027.55),
	('meng', 'zl', 0000114.94),
	('zl', 'meng', 0000000.00),
	('meng', 'ty', 0000097.58),
	('ty', 'meng', 0000000.00),
	('zl', 'April', 0000000.00),
	('April', 'zl', 0000000.00),
	('123', 'bob', 0000000.00),
	('bob', '123', 0000101.50),
	('Alice', '123', 0000007.67),
	('123', 'Alice', 0000000.00),
	('Alice', 'bob', 0000000.00),
	('bob', 'Alice', 0000136.33),
	('xyq', 'ym', 0000000.00),
	('ym', 'xyq', 0000000.00),
	('ty2', 'ym', 0000000.00),
	('ym', 'ty2', 0000002.20),
	('ty2', 'xyq', 0000000.00),
	('xyq', 'ty2', 0000000.00),
	('zl2', 'ym', 0000000.00),
	('ym', 'zl2', 0000000.00),
	('zl2', 'xyq', 0000011.00),
	('xyq', 'zl2', 0000000.00),
	('zl2', 'ty2', 0000000.00),
	('ty2', 'zl2', 0000000.00),
	('April', 'ty', 0000000.00),
	('ty', 'April', 0000000.00),
	('April', 'meng', 0000000.00),
	('meng', 'April', 0000000.00);
/*!40000 ALTER TABLE `balance` ENABLE KEYS */;


-- Dumping structure for table lily.groups
DROP TABLE IF EXISTS `groups`;
CREATE TABLE IF NOT EXISTS `groups` (
  `id` int(11) unsigned NOT NULL AUTO_INCREMENT,
  `name` varchar(100) NOT NULL DEFAULT '',
  `holder` varchar(30) NOT NULL DEFAULT '',
  PRIMARY KEY (`id`),
  UNIQUE KEY `hehe` (`name`)
) ENGINE=MyISAM AUTO_INCREMENT=20 DEFAULT CHARSET=utf8;

-- Dumping data for table lily.groups: 5 rows
/*!40000 ALTER TABLE `groups` DISABLE KEYS */;
INSERT INTO `groups` (`id`, `name`, `holder`) VALUES
	(1, 'kandedan', 'meng'),
	(2, 'cdh', 'cdh'),
	(17, 'apart207', 'bob'),
	(18, 'äº”äººå°åˆ†é˜Ÿ', 'ym'),
	(19, 'ymym', 'ym');
/*!40000 ALTER TABLE `groups` ENABLE KEYS */;


-- Dumping structure for table lily.transaction
DROP TABLE IF EXISTS `transaction`;
CREATE TABLE IF NOT EXISTS `transaction` (
  `id` bigint(20) NOT NULL,
  `group_id` int(11) DEFAULT NULL,
  `username` varchar(30) NOT NULL,
  `type` varchar(30) NOT NULL,
  `message` varchar(1000) DEFAULT NULL,
  `amount` float(10,2) NOT NULL,
  `date` varchar(30) DEFAULT NULL,
  PRIMARY KEY (`id`)
) ENGINE=MyISAM DEFAULT CHARSET=latin1;

-- Dumping data for table lily.transaction: 162 rows
/*!40000 ALTER TABLE `transaction` DISABLE KEYS */;
INSERT INTO `transaction` (`id`, `group_id`, `username`, `type`, `message`, `amount`, `date`) VALUES
	(143564913038, 1, 'zl', 'buy', 'mekong å¤–å–æ™šé¥­---- shared with zl,ty,meng----ty owe zl from $0.0 to $10.0----meng owe zl from $0.0 to $10.0', 30.00, '6-29'),
	(143564922018, 1, 'zl', 'buy', 'mekong èœç­‰---- shared with zl,ty,meng----ty owe zl from $10.0 to $17.0----meng owe zl from $10.0 to $17.0', 21.00, '6-29'),
	(143568555582, 1, 'zl', 'buy', 'Car Mount, AVANTEK Universal Cell Phone Air Vent Car Mount Holder for iPhone 6 / 6 Plus / 5S / 5C / 4S, Samsung Galaxy S6 / S6 Edge / S5 / S4 / S3 / Note 4/3, Google Nexus 5/4, LG G4, Nokia, Xperia, Moto, HTC---- shared with meng----meng owe zl from $17.0', 9.99, '6-30'),
	(143577921630, 1, 'meng', 'pay', '----meng owe zhang lei from $26.99 to $0.00', 26.99, '2015-07-02 03:33:36.304658'),
	(143586772023, 1, 'ty', 'buy', 'Cabanaå®šé‡‘---- shared with zhang lei,ty----zhang lei owe ty from $-17.00 to $52.00', 138.00, '7-2'),
	(143596759900, 1, 'zl', 'pay', '----zhang lei owe ty from $52.00 to $51.99', 0.01, '2015-07-04 07:53:19.006167'),
	(143598794011, 1, 'zl', 'buy', 'å¾·å·žæ‰’é¸¡ï¼Œæ¢…èœç­‰---- shared with zhang lei,meng,ty----meng owe zhang lei from $0.00 to $9.04----zhang lei owe ty from $51.99 to $42.95', 27.11, '7/3/2015'),
	(143598799557, 1, 'zl', 'buy', 'ä»Šå¤©çš„æ™šé¥­---- shared with zhang lei,meng,ty----meng owe zhang lei from $9.04 to $10.90----zhang lei owe ty from $42.95 to $41.09', 5.58, '7/3/2015'),
	(143598809567, 1, 'zl', 'buy', 'æ—©é¥­è›‹ç³•---- shared with zhang lei,ty----zhang lei owe ty from $41.09 to $38.59', 5.00, '6/25/2015'),
	(143598814311, 1, 'zl', 'buy', 'çŸ¿æ³‰æ°´å’Œé¢åŒ…---- shared with zhang lei,ty----zhang lei owe ty from $38.59 to $34.53', 8.12, '7/3/2015'),
	(143613203595, 1, 'meng', 'buy', 'ç¾Žç©ºä¹°èœ æŽ’éª¨ï¼Œé¸­ç¿…---- shared with zhang lei,meng,ty----meng owe zhang lei from $10.90 to $1.39----ty owe meng from $0.00 to $9.51', 28.53, '7-5'),
	(143640395989, 1, 'zl', 'buy', 'food city tomato,potato---- shared with å¼ å¤§ç¾Žå¥³,meng,å”è¶Š----meng owe å¼ å¤§ç¾Žå¥³ from $1.39 to $2.81----å¼ å¤§ç¾Žå¥³ owe å”è¶Š from $34.53 to $33.11', 4.26, '7-8'),
	(143650456058, 1, 'zl', 'buy', 'æ°´ foodcity---- shared with å¼ å¤§ç¾Žå¥³,å”è¶Š----å¼ å¤§ç¾Žå¥³ owe å”è¶Š from $33.11 to $31.08', 4.06, '7-8'),
	(143658743236, 1, 'zl', 'buy', 'mekong,sushi+food---- shared with å¼ å¤§ç¾Žå¥³,meng,å”è¶Š----meng owe å¼ å¤§ç¾Žå¥³ from $2.81 to $18.15----å¼ å¤§ç¾Žå¥³ owe å”è¶Š from $31.08 to $15.74', 46.03, '2015-7-10'),
	(143658747011, 1, 'zl', 'buy', 'adidas ---- shared with å¼ å¤§ç¾Žå¥³,meng----meng owe å¼ å¤§ç¾Žå¥³ from $18.15 to $25.68', 15.06, '2015-7-10'),
	(143658761491, 1, 'meng', 'buy', 'crocså‡‰éž‹---- shared with å¼ å¤§ç¾Žå¥³----meng owe å¼ å¤§ç¾Žå¥³ from $25.68 to $20.68', 5.00, '7-10'),
	(143658899002, 1, 'zl', 'buy', 'amazonè±šéª¨æ‹‰é¢---- shared with meng----meng owe å¼ å¤§ç¾Žå¥³ from $20.68 to $31.55', 10.87, '7-10'),
	(143673116060, 1, 'zl', 'buy', 'amazon \r\nAveeno Eczema Therapy Moisturizing Cream, 7.3 oz.---- shared with meng----meng owe å¼ å¤§ç¾Žå¥³ from $31.55 to $42.63', 11.08, '7-12'),
	(143673125840, 1, 'meng', 'buy', 'é¢åŒ…---- shared with å¼ å¤§ç¾Žå¥³,å”è¶Š----meng owe å¼ å¤§ç¾Žå¥³ from $42.63 to $41.13----å”è¶Š owe meng from $9.51 to $11.01', 3.00, '7-11'),
	(143673132450, 1, 'meng', 'buy', 'foodcity æ°´ï¼Œç•ªèŒ„---- shared with å¼ å¤§ç¾Žå¥³,meng,å”è¶Š----meng owe å¼ å¤§ç¾Žå¥³ from $41.13 to $40.50----å”è¶Š owe meng from $11.01 to $11.64', 1.90, '7-12'),
	(143673165249, 1, 'ty', 'buy', '07/08 frys fushuai chifan---- shared with å¼ å¤§ç¾Žå¥³,meng,å”è¶Š----å¼ å¤§ç¾Žå¥³ owe å”è¶Š from $15.74 to $19.67----å”è¶Š owe meng from $11.64 to $7.71', 11.78, ''),
	(143690593311, 1, 'ty', 'buy', 'mekong ä¹°çš„èœ---- shared with å¼ å¤§ç¾Žå¥³,meng,è¶Šå§å¤§å¤§----å¼ å¤§ç¾Žå¥³ owe è¶Šå§å¤§å¤§ from $19.67 to $31.99----meng owe è¶Šå§å¤§å¤§ from $-7.71 to $4.61', 36.95, '2015-07-14'),
	(143691255124, 1, 'ty', 'buy', 'safeway---- shared with å¼ å¤§ç¾Žå¥³,è¶Šå§å¤§å¤§----å¼ å¤§ç¾Žå¥³ owe è¶Šå§å¤§å¤§ from $31.99 to $43.89', 23.80, '2015-07-14'),
	(143691257435, 1, 'ty', 'buy', 'safeway é¢åŒ…---- shared with meng----meng owe è¶Šå§å¤§å¤§ from $4.61 to $9.66', 5.05, '2015-07-14'),
	(143691267802, 1, 'meng', 'buy', 'å®¶å…·---- shared with è¶Šå§å¤§å¤§----è¶Šå§å¤§å¤§ owe meng from $-9.66 to $30.34', 40.00, '2015-07-14'),
	(143691273443, 1, 'meng', 'buy', 'å®¶å…·---- shared with å¼ å¤§ç¾Žå¥³----å¼ å¤§ç¾Žå¥³ owe meng from $-40.50 to $19.50', 60.00, '2015-07-14'),
	(143726224665, 1, 'meng', 'buy', 'food city æ°´ï¼Œç•ªèŒ„---- shared with å¼ å¤§ç¾Žå¥³,å“ˆå“ˆå“ˆ,è¶Šå§å¤§å¤§----å¼ å¤§ç¾Žå¥³ owe å“ˆå“ˆå“ˆ from $19.50 to $20.42----è¶Šå§å¤§å¤§ owe å“ˆå“ˆå“ˆ from $30.34 to $31.26', 2.75, '2015-07-18'),
	(143726968901, 1, 'zl', 'buy', 'ç…Žè›‹é”…---- shared with å“ˆå“ˆå“ˆ----å¼ å¤§ç¾Žå¥³ owe å“ˆå“ˆå“ˆ from $20.42 to $14.51', 5.91, '2015-07-18'),
	(143727666932, 1, 'zl', 'buy', 'mekong ç«é”…---- shared with å¼ å¤§ç¾Žå¥³,å“ˆå“ˆå“ˆ,è¶Šå§å¤§å¤§----å“ˆå“ˆå“ˆ owe å¼ å¤§ç¾Žå¥³ from $-14.51 to $4.66----å¼ å¤§ç¾Žå¥³ owe è¶Šå§å¤§å¤§ from $43.89 to $24.72', 57.52, '2015-07-18'),
	(143753685207, 1, 'zl', 'buy', 'vans éž‹å­---- shared with å“ˆå“ˆå“ˆ----å“ˆå“ˆå“ˆ owe å¼ å¤§ç¾Žå¥³ from $4.66 to $34.66', 30.00, '2015-07-21'),
	(143753694241, 1, 'zl', 'buy', 'lamian---- shared with å“ˆå“ˆå“ˆ----å“ˆå“ˆå“ˆ owe å¼ å¤§ç¾Žå¥³ from $34.66 to $69.66', 35.00, '2015-07-21'),
	(143771892581, 1, 'meng', 'buy', 'æ‰“æ°´---- shared with å¼ å¤§ç¾Žå¥³,å“ˆå“ˆå“ˆ,è¶Šå§å¤§å¤§----å“ˆå“ˆå“ˆ owe å¼ å¤§ç¾Žå¥³ from $69.66 to $69.49----è¶Šå§å¤§å¤§ owe å“ˆå“ˆå“ˆ from $31.26 to $31.43', 0.50, '2015-07-23'),
	(143772171607, 1, 'meng', 'buy', 'foodcity ç•ªèŒ„*2---- shared with å¼ å¤§ç¾Žå¥³,å“ˆå“ˆå“ˆ,è¶Šå§å¤§å¤§----å“ˆå“ˆå“ˆ owe å¼ å¤§ç¾Žå¥³ from $69.49 to $68.86----è¶Šå§å¤§å¤§ owe å“ˆå“ˆå“ˆ from $31.43 to $32.06', 1.89, '2015-07-24'),
	(143786707309, 1, 'meng', 'buy', 'mekong èœ---- shared with å¼ å¤§ç¾Žå¥³,å“ˆå“ˆå“ˆ,è¶Šå§å¤§å¤§----å“ˆå“ˆå“ˆ owe å¼ å¤§ç¾Žå¥³ from $68.86 to $60.03----è¶Šå§å¤§å¤§ owe å“ˆå“ˆå“ˆ from $32.06 to $40.89', 26.49, '2015-07-25'),
	(143786716332, 1, 'meng', 'buy', 'mekong èœ---- shared with å¼ å¤§ç¾Žå¥³,å“ˆå“ˆå“ˆ----å“ˆå“ˆå“ˆ owe å¼ å¤§ç¾Žå¥³ from $60.03 to $47.25', 25.56, '2015-07-25'),
	(143786728073, 1, 'meng', 'pay', '----å“ˆå“ˆå“ˆ owe å¼ å¤§ç¾Žå¥³ from $47.25 to $0.00', 47.25, '2015-07-25 16:34:40.733679-07:'),
	(143786742185, 1, 'meng', 'buy_cancelled', 'test1---- shared with å¼ å¤§ç¾Žå¥³*2,å“ˆå“ˆå“ˆ,è¶Šå§å¤§å¤§----å¼ å¤§ç¾Žå¥³ owe å“ˆå“ˆå“ˆ from $0.00 to $55.50----è¶Šå§å¤§å¤§ owe å“ˆå“ˆå“ˆ from $40.89 to $68.64----å¼ å¤§ç¾Žå¥³ owe å“ˆå“ˆå“ˆ from $55.50 to $0.00----è¶Šå§å¤§å¤§ owe å“ˆå“ˆå“ˆ from $68.64 to $40.89', 111.00, '2015-07-25'),
	(143797367294, 1, 'ty', 'buy', 'fry\'s ä¹°çš„é¦™è‚ é¸¡è›‹è‹¹æžœ....---- shared with å¼ å¤§ç¾Žå¥³,å“ˆå“ˆå“ˆ,è¶Šå§å¤§å¤§----å¼ å¤§ç¾Žå¥³ owe è¶Šå§å¤§å¤§ from $24.72 to $31.72----è¶Šå§å¤§å¤§ owe å“ˆå“ˆå“ˆ from $40.89 to $33.89', 21.00, '2015-07-26'),
	(143803165454, 1, 'zl', 'buy', 'å‰å‡ å¤©foodcityçš„è¥¿çº¢æŸ¿å’Œé¤å·¾çº¸---- shared with å¼ å¤§ç¾Žå¥³,å“ˆå“ˆå“ˆ,è¶Šå§å¤§å¤§----å“ˆå“ˆå“ˆ owe å¼ å¤§ç¾Žå¥³ from $0.00 to $1.43----å¼ å¤§ç¾Žå¥³ owe è¶Šå§å¤§å¤§ from $31.72 to $30.29', 4.30, '2015-07-27'),
	(143822668398, 1, 'zl', 'pay', '----å¼ å¤§ç¾Žå¥³ owe è¶Šå§å¤§å¤§ from $30.29 to $0.00', 30.29, '2015-07-29 20:24:43.983618-07:'),
	(143822696206, 1, 'meng', 'buy', 'çœ‹ç”µå½± ant-man---- shared with å¼ å¤§ç¾Žå¥³,å“ˆå“ˆå“ˆ,è¶Šå§å¤§å¤§----å¼ å¤§ç¾Žå¥³ owe å“ˆå“ˆå“ˆ from $-1.43 to $6.90----è¶Šå§å¤§å¤§ owe å“ˆå“ˆå“ˆ from $33.89 to $42.22', 25.00, '2015-07-27'),
	(143829489695, 1, 'meng', 'buy', 'money order @fry\'s---- shared with å¼ å¤§ç¾Žå¥³,è¶Šå§å¤§å¤§----å¼ å¤§ç¾Žå¥³ owe å“ˆå“ˆå“ˆ from $6.90 to $7.40----è¶Šå§å¤§å¤§ owe å“ˆå“ˆå“ˆ from $42.22 to $42.72', 1.00, '2015-07-30'),
	(143856063485, 1, 'zl', 'buy', 'amazon å¾ˆå¤šä¸œè¥¿---- shared with å“ˆå“ˆå“ˆ----å“ˆå“ˆå“ˆ owe å¼ å¤§ç¾Žå¥³ from $-7.40 to $21.12', 28.52, '2015-08-02'),
	(143874510385, 1, 'ty', 'buy', 'æ¬å®¶å‰mekongå’Œfoodcityä¹°çš„èœ---- shared with å¼ å¤§ç¾Žå¥³,å“ˆå“ˆå“ˆ,è¶Šå§å¤§å¤§----å¼ å¤§ç¾Žå¥³ owe è¶Šå§å¤§å¤§ from $0.00 to $12.04----è¶Šå§å¤§å¤§ owe å“ˆå“ˆå“ˆ from $42.72 to $30.68', 36.11, '2015-07-30'),
	(143874517234, 1, 'ty', 'buy', 'å®œå®¶æ‰«å¸šå’Œè°ƒæ–™ç›’---- shared with å¼ å¤§ç¾Žå¥³,è¶Šå§å¤§å¤§----å¼ å¤§ç¾Žå¥³ owe è¶Šå§å¤§å¤§ from $12.04 to $15.54', 7.00, '2015-08-04'),
	(143874521102, 1, 'ty', 'buy', 'cox---- shared with å¼ å¤§ç¾Žå¥³,è¶Šå§å¤§å¤§----å¼ å¤§ç¾Žå¥³ owe è¶Šå§å¤§å¤§ from $15.54 to $31.17', 31.26, '2015-08-04'),
	(143874530283, 1, 'ty', 'buy', 'uhaul---- shared with å¼ å¤§ç¾Žå¥³,è¶Šå§å¤§å¤§----å¼ å¤§ç¾Žå¥³ owe è¶Šå§å¤§å¤§ from $31.17 to $45.36', 28.38, '2015-08-04'),
	(143881169199, 1, 'meng', 'buy', 'safeway é»„ç“œå’Œæ°´---- shared with å¼ å¤§ç¾Žå¥³,å“ˆå“ˆå“ˆ,è¶Šå§å¤§å¤§----å“ˆå“ˆå“ˆ owe å¼ å¤§ç¾Žå¥³ from $21.12 to $18.58----è¶Šå§å¤§å¤§ owe å“ˆå“ˆå“ˆ from $30.68 to $33.22', 7.61, '2015-08-04'),
	(143896824543, 1, 'meng', 'buy_cancelled', 'ç½‘è´¹ï¼Œ39.99internet ï¼‹15 activation feeï¼‹ç¨Ž---- shared with å¼ å¤§ç¾Žå¥³,è¶Šå§å¤§å¤§----å¼ å¤§ç¾Žå¥³ owe å“ˆå“ˆå“ˆ from $-18.58 to $9.53----è¶Šå§å¤§å¤§ owe å“ˆå“ˆå“ˆ from $33.22 to $61.33----å“ˆå“ˆå“ˆ owe å¼ å¤§ç¾Žå¥³ from $-9.53 to $18.58----è¶Šå§å¤§å¤§ owe å“ˆå“ˆå“ˆ from $61.33 to $33.22', 56.21, '2015-08-07'),
	(143896847842, 1, 'zl', 'buy', '39.99 internet+15 activation fee +tax---- shared with å¼ å¤§ç¾Žå¥³,è¶Šå§å¤§å¤§----å¼ å¤§ç¾Žå¥³ owe è¶Šå§å¤§å¤§ from $45.36 to $17.25', 56.21, '2015-08-07'),
	(143896871790, 1, 'zl', 'buy', 'fry\'s è¥¿ç“œï¼Œæ°´ï¼Œç‰›å¥¶ï¼Œæžœæ±---- shared with å¼ å¤§ç¾Žå¥³,è¶Šå§å¤§å¤§----å¼ å¤§ç¾Žå¥³ owe è¶Šå§å¤§å¤§ from $17.25 to $11.16', 12.19, '2015-08-03'),
	(143900796063, 1, 'zl', 'buy', 'food city æ²¹---- shared with å¼ å¤§ç¾Žå¥³,å“ˆå“ˆå“ˆ,è¶Šå§å¤§å¤§----å“ˆå“ˆå“ˆ owe å¼ å¤§ç¾Žå¥³ from $18.58 to $20.26----å¼ å¤§ç¾Žå¥³ owe è¶Šå§å¤§å¤§ from $11.15 to $9.47', 5.03, '2015-08-07'),
	(143909323240, 1, 'ty', 'buy', 'Mekong ä¹°çš„èœ---- shared with å¼ å¤§ç¾Žå¥³,å“ˆå“ˆå“ˆ,è¶Šå§å¤§å¤§----å¼ å¤§ç¾Žå¥³ owe è¶Šå§å¤§å¤§ from $9.47 to $23.86----è¶Šå§å¤§å¤§ owe å“ˆå“ˆå“ˆ from $33.22 to $18.83', 43.17, '2015-08-08'),
	(143909385203, 1, 'ty', 'buy', 'mekong è¯·å®¢åƒçš„ç±³çº¿---- shared with å¼ å¤§ç¾Žå¥³,è¶Šå§å¤§å¤§----å¼ å¤§ç¾Žå¥³ owe è¶Šå§å¤§å¤§ from $23.86 to $42.27', 36.81, '2015-08-08'),
	(143925067089, 1, 'meng', 'buy', 'foodcityçš„æ°´---- shared with å¼ å¤§ç¾Žå¥³,å“ˆå“ˆå“ˆ,è¶Šå§å¤§å¤§----å“ˆå“ˆå“ˆ owe å¼ å¤§ç¾Žå¥³ from $20.26 to $19.08----è¶Šå§å¤§å¤§ owe å“ˆå“ˆå“ˆ from $18.83 to $20.01', 3.55, '2015-08-10'),
	(143925074191, 1, 'zl', 'buy', 'safewayçš„ä¸¤æ¬¡é¢åŒ…---- shared with å¼ å¤§ç¾Žå¥³,è¶Šå§å¤§å¤§----å¼ å¤§ç¾Žå¥³ owe è¶Šå§å¤§å¤§ from $42.27 to $37.27', 10.00, '2015-08-10'),
	(143967024884, 1, 'ty', 'buy', 'mekong ä¹°çš„èœ---- shared with å¼ å¤§ç¾Žå¥³,å“ˆå“ˆå“ˆ,è¶Šå§å¤§å¤§----å¼ å¤§ç¾Žå¥³ owe è¶Šå§å¤§å¤§ from $37.27 to $52.34----è¶Šå§å¤§å¤§ owe å“ˆå“ˆå“ˆ from $20.01 to $4.94', 45.20, '2015-08-15'),
	(144012984292, 1, 'zl', 'buy', 'è¥¿ç“œí ¼í½‰---- shared with å¼ å¤§ç¾Žå¥³,å“ˆå“ˆå“ˆ,è¶Šå§å¤§å¤§----å“ˆå“ˆå“ˆ owe å¼ å¤§ç¾Žå¥³ from $19.08 to $21.08----å¼ å¤§ç¾Žå¥³ owe è¶Šå§å¤§å¤§ from $52.34 to $50.34', 6.00, '2015-08-20'),
	(144022685885, 1, 'meng', 'buy', 'food cityä¹°æ°´---- shared with å¼ å¤§ç¾Žå¥³,è¶Šå§å¤§å¤§----å“ˆå“ˆå“ˆ owe å¼ å¤§ç¾Žå¥³ from $21.08 to $19.80----è¶Šå§å¤§å¤§ owe å“ˆå“ˆå“ˆ from $4.94 to $6.21', 2.55, '2015-08-22'),
	(144029877942, 1, 'zl', 'buy', 'é¸¡è›‹ï½ž---- shared with å¼ å¤§ç¾Žå¥³,è¶Šå§å¤§å¤§----å¼ å¤§ç¾Žå¥³ owe è¶Šå§å¤§å¤§ from $50.34 to $48.57', 3.55, '2015-08-22'),
	(144057135720, 1, 'zl', 'buy', 'ç‰™åˆ·---- shared with è¶Šå§å¤§å¤§----å¼ å¤§ç¾Žå¥³ owe è¶Šå§å¤§å¤§ from $48.56 to $33.61', 14.95, '2015-08-25'),
	(144091439718, 1, 'meng', 'buy', 'åˆ·ç¢—çš„åˆ·å¤´---- shared with å¼ å¤§ç¾Žå¥³,è¶Šå§å¤§å¤§----å“ˆå“ˆå“ˆ owe å¼ å¤§ç¾Žå¥³ from $19.80 to $18.15----è¶Šå§å¤§å¤§ owe å“ˆå“ˆå“ˆ from $6.21 to $7.86', 3.30, '2015-08-29'),
	(144091480544, 1, 'meng', 'buy', 'foodcity æ°´---- shared with å¼ å¤§ç¾Žå¥³,è¶Šå§å¤§å¤§----å“ˆå“ˆå“ˆ owe å¼ å¤§ç¾Žå¥³ from $18.15 to $15.85----è¶Šå§å¤§å¤§ owe å“ˆå“ˆå“ˆ from $7.86 to $10.16', 4.60, '2015-08-28'),
	(144105926904, 1, 'meng', 'buy', '2ä¸ªè¥¿ç“œ---- shared with å¼ å¤§ç¾Žå¥³,å“ˆå“ˆå“ˆ----å“ˆå“ˆå“ˆ owe å¼ å¤§ç¾Žå¥³ from $15.85 to $13.35', 5.00, '2015-08-27å·¦å³'),
	(144105967812, 1, 'ty', 'buy', 'mekong---- shared with å¼ å¤§ç¾Žå¥³,å“ˆå“ˆå“ˆ,è¶Šå§å¤§å¤§----å¼ å¤§ç¾Žå¥³ owe è¶Šå§å¤§å¤§ from $33.61 to $38.77----è¶Šå§å¤§å¤§ owe å“ˆå“ˆå“ˆ from $10.16 to $5.00', 15.48, '2015-08-31'),
	(144117846576, 1, 'zl', 'buy', 'hehe---- shared with è¶Šå§å¤§å¤§----è¶Šå§å¤§å¤§ owe å¼ å¤§ç¾Žå¥³ from $-38.77 to $561.23', 600.00, '2015-09-02'),
	(144117852547, 1, 'ty', 'buy', 'é¸¡ç¿…---- shared with å¼ å¤§ç¾Žå¥³,å“ˆå“ˆå“ˆ----è¶Šå§å¤§å¤§ owe å¼ å¤§ç¾Žå¥³ from $561.23 to $558.23----è¶Šå§å¤§å¤§ owe å“ˆå“ˆå“ˆ from $5.00 to $2.00', 6.00, '2015-09-02'),
	(144117860007, 1, 'ty', 'buy', 'æˆ¿ç§Ÿ---- shared with å¼ å¤§ç¾Žå¥³,è¶Šå§å¤§å¤§----è¶Šå§å¤§å¤§ owe å¼ å¤§ç¾Žå¥³ from $558.23 to $133.47', 849.52, '2015-09-02'),
	(144117876611, 1, 'ty', 'buy', 'ç”µè´¹---- shared with å¼ å¤§ç¾Žå¥³,è¶Šå§å¤§å¤§----è¶Šå§å¤§å¤§ owe å¼ å¤§ç¾Žå¥³ from $133.47 to $85.59', 95.76, '2015-09-02'),
	(144123699839, 1, 'meng', 'buy', 'äºšé©¬é€Š é˜²æ™’éœœ\r\nBiore Sarasara UV Aqua Rich Watery Essence Sunscreen SPF50---- shared with å¼ å¤§ç¾Žå¥³,å“ˆå“ˆå“ˆ----å“ˆå“ˆå“ˆ owe å¼ å¤§ç¾Žå¥³ from $13.35 to $3.73', 19.23, '2015-09-02'),
	(144150826464, 1, 'zl', 'buy', 'shanxi---- shared with å¼ å¤§ç¾Žå¥³,å“ˆå“ˆå“ˆ----å“ˆå“ˆå“ˆ owe å¼ å¤§ç¾Žå¥³ from $3.73 to $18.86', 30.26, '2015-09-05'),
	(144158333629, 1, 'meng', 'buy', 'foodcity æ°´---- shared with å¼ å¤§ç¾Žå¥³,è¶Šå§å¤§å¤§----å“ˆå“ˆå“ˆ owe å¼ å¤§ç¾Žå¥³ from $18.86 to $17.08----è¶Šå§å¤§å¤§ owe å“ˆå“ˆå“ˆ from $2.00 to $3.78', 3.56, '2015-09-06'),
	(144182796910, 1, 'meng', 'buy', 'safeway Â é¢åŒ… çº¸---- shared with å¼ å¤§ç¾Žå¥³,è¶Šå§å¤§å¤§----å“ˆå“ˆå“ˆ owe å¼ å¤§ç¾Žå¥³ from $17.08 to $11.58----è¶Šå§å¤§å¤§ owe å“ˆå“ˆå“ˆ from $3.78 to $9.28', 11.00, '2015-09-09'),
	(144194888618, 1, 'zl', 'buy', 'grill aven---- shared with å“ˆå“ˆå“ˆ----å“ˆå“ˆå“ˆ owe å¼ å¤§ç¾Žå¥³ from $11.58 to $19.97', 8.39, '2015-09-10'),
	(144210991705, 1, 'zl', 'buy', 'cox---- shared with å¼ å¤§ç¾Žå¥³,è¶Šå§å¤§å¤§----è¶Šå§å¤§å¤§ owe å¼ å¤§ç¾Žå¥³ from $85.59 to $117.83', 64.47, '2015-09-12'),
	(144210996876, 1, 'zl', 'buy', 'å°ç«é”…---- shared with å¼ å¤§ç¾Žå¥³,å“ˆå“ˆå“ˆ----å“ˆå“ˆå“ˆ owe å¼ å¤§ç¾Žå¥³ from $19.97 to $30.47', 21.00, '2015-09-11'),
	(144216898135, 1, 'zl', 'buy', 'ç©ºè°ƒè´¹---- shared with å“ˆå“ˆå“ˆ----å“ˆå“ˆå“ˆ owe å¼ å¤§ç¾Žå¥³ from $30.47 to $31.47', 1.00, '2015-09-13'),
	(144229336256, 1, 'ty', 'buy', 'çƒ§çƒ¤å‰©çš„èœ---- shared with å¼ å¤§ç¾Žå¥³,è¶Šå§å¤§å¤§----è¶Šå§å¤§å¤§ owe å¼ å¤§ç¾Žå¥³ from $117.83 to $98.29', 39.08, '2015-09-14'),
	(144229370385, 1, 'ty', 'pay', '----è¶Šå§å¤§å¤§ owe å“ˆå“ˆå“ˆ from $9.28 to $0.00', 9.28, '2015-09-14 22:08:23.856526-07:'),
	(144229394508, 1, 'ty', 'pay', '----è¶Šå§å¤§å¤§ owe å¼ å¤§ç¾Žå¥³ from $98.29 to $0.00', 98.29, '2015-09-14 22:12:25.084735-07:'),
	(144237353261, 1, 'meng', 'pay', '----å“ˆå“ˆå“ˆ owe å¼ å¤§ç¾Žå¥³ from $31.47 to $23.47', 8.00, '2015-09-15 20:18:52.611581-07:'),
	(144262244616, 1, 'meng', 'buy', 'foodcity æ°´---- shared with å¼ å¤§ç¾Žå¥³,è¶Šå§å¤§å¤§----å“ˆå“ˆå“ˆ owe å¼ å¤§ç¾Žå¥³ from $23.47 to $21.13----è¶Šå§å¤§å¤§ owe å“ˆå“ˆå“ˆ from $0.00 to $2.33', 4.67, '2015-09-18'),
	(144271652317, 1, 'zl', 'buy', 'beijing---- shared with å¼ å¤§ç¾Žå¥³,å“ˆå“ˆå“ˆ----å“ˆå“ˆå“ˆ owe å¼ å¤§ç¾Žå¥³ from $21.14 to $33.64', 25.00, '2015-09-19'),
	(144279676321, 1, 'meng', 'buy', 'é¸¡è›‹è½¬è®©---- shared with è¶Šå§å¤§å¤§----è¶Šå§å¤§å¤§ owe å“ˆå“ˆå“ˆ from $2.34 to $7.84', 5.50, '2015-09-20'),
	(144279687769, 1, 'meng', 'buy', 'é¢åŒ…---- shared with å¼ å¤§ç¾Žå¥³,å“ˆå“ˆå“ˆ*2,è¶Šå§å¤§å¤§----å“ˆå“ˆå“ˆ owe å¼ å¤§ç¾Žå¥³ from $33.64 to $32.89----è¶Šå§å¤§å¤§ owe å“ˆå“ˆå“ˆ from $7.84 to $8.59', 3.00, '2015-09-20'),
	(144279731159, 1, 'zl', 'buy', 'rice---- shared with å¼ å¤§ç¾Žå¥³,è¶Šå§å¤§å¤§----è¶Šå§å¤§å¤§ owe å¼ å¤§ç¾Žå¥³ from $0.00 to $5.79', 11.59, '2015-09-20'),
	(144279736839, 1, 'zl', 'buy', 'apple---- shared with è¶Šå§å¤§å¤§----è¶Šå§å¤§å¤§ owe å¼ å¤§ç¾Žå¥³ from $5.80 to $8.41', 2.61, '2015-09-20'),
	(144322567299, 1, 'zl', 'buy', 'USPS---- shared with è¶Šå§å¤§å¤§----è¶Šå§å¤§å¤§ owe å¼ å¤§ç¾Žå¥³ from $8.41 to $14.13', 5.72, '2015-09-25'),
	(144333749498, 1, 'meng', 'buy', 'hot & juicy---- shared with å¼ å¤§ç¾Žå¥³,å“ˆå“ˆå“ˆ----å“ˆå“ˆå“ˆ owe å¼ å¤§ç¾Žå¥³ from $32.89 to $15.39', 35.00, '2015-09-27'),
	(144358989527, 1, 'ty', 'buy', 'æˆ¿ç§Ÿ---- shared with å¼ å¤§ç¾Žå¥³,è¶Šå§å¤§å¤§----å¼ å¤§ç¾Žå¥³ owe è¶Šå§å¤§å¤§ from $-14.13 to $410.63', 849.52, '2015-09-29'),
	(144359304965, 1, 'zl', 'pay', '----å¼ å¤§ç¾Žå¥³ owe è¶Šå§å¤§å¤§ from $410.63 to $0.00', 410.63, '2015-09-29 23:04:09.653270-07:'),
	(144384304556, 1, 'meng', 'buy', 'foodcityçš„æ°´---- shared with å¼ å¤§ç¾Žå¥³,è¶Šå§å¤§å¤§----å“ˆå“ˆå“ˆ owe å¼ å¤§ç¾Žå¥³ from $15.39 to $13.39----è¶Šå§å¤§å¤§ owe å“ˆå“ˆå“ˆ from $8.59 to $10.59', 4.00, '2015-10-02'),
	(144384332518, 1, 'meng', 'buy', 'safewayçš„ç³–ï¼Œkiwiï¼Œæ¡ƒå­ç­‰---- shared with å¼ å¤§ç¾Žå¥³----å“ˆå“ˆå“ˆ owe å¼ å¤§ç¾Žå¥³ from $13.39 to $5.39', 8.00, '2015-10-02'),
	(144384344026, 1, 'meng', 'buy', 'stake & shake---- shared with å¼ å¤§ç¾Žå¥³----å“ˆå“ˆå“ˆ owe å¼ å¤§ç¾Žå¥³ from $5.39 to $0.89', 4.50, '2015-9-30'),
	(144384347511, 1, 'zl', 'buy', 'grill ave bulgoki---- shared with å“ˆå“ˆå“ˆ----å“ˆå“ˆå“ˆ owe å¼ å¤§ç¾Žå¥³ from $0.89 to $9.39', 8.50, '2015-9-30'),
	(144401616513, 1, 'meng', 'buy', 'mekong---- shared with å¼ å¤§ç¾Žå¥³----å¼ å¤§ç¾Žå¥³ owe å“ˆå“ˆå“ˆ from $-9.39 to $9.61', 19.00, '2015-10-04'),
	(144461017032, 1, 'zl', 'buy', 'cox---- shared with å¼ å¤§ç¾Žå¥³,è¶Šå§å¤§å¤§----è¶Šå§å¤§å¤§ owe å¼ å¤§ç¾Žå¥³ from $0.00 to $20.00', 39.99, '2015-10-11'),
	(144461029711, 1, 'meng', 'buy', 'safeway è±†å¥¶ çŒ•çŒ´æ¡ƒ---- shared with å¼ å¤§ç¾Žå¥³----å¼ å¤§ç¾Žå¥³ owe å“ˆå“ˆå“ˆ from $9.61 to $14.61', 5.00, '2015-10-11'),
	(144461562473, 1, 'zl', 'buy', 'steak and shake---- shared with å“ˆå“ˆå“ˆ----å¼ å¤§ç¾Žå¥³ owe å“ˆå“ˆå“ˆ from $14.61 to $6.98', 7.63, '2015-10-11'),
	(144581135022, 1, 'meng', 'buy', 'å°ç«é”…é—¨å£ä¹°çš„å¤–å¥—---- shared with å¼ å¤§ç¾Žå¥³----å¼ å¤§ç¾Žå¥³ owe å“ˆå“ˆå“ˆ from $6.98 to $31.98', 25.00, '2015-10-24'),
	(144581145666, 1, 'zl', 'buy', 'hot pot---- shared with å¼ å¤§ç¾Žå¥³,å“ˆå“ˆå“ˆ----å¼ å¤§ç¾Žå¥³ owe å“ˆå“ˆå“ˆ from $31.98 to $18.98', 26.00, '2015-10-25'),
	(144667734720, 1, 'ty', 'buy', 'ä¹‹å‰ä¹°çš„ä¸‰æ¬¡æ°´---- shared with å¼ å¤§ç¾Žå¥³,è¶Šå§å¤§å¤§----è¶Šå§å¤§å¤§ owe å¼ å¤§ç¾Žå¥³ from $20.00 to $14.00', 12.00, '2015-11-04'),
	(144667739091, 1, 'ty', 'buy', 'Safeway å¥½æ—©ä¹‹å‰ä¹°çš„é¢åŒ… ---- shared with å“ˆå“ˆå“ˆ----è¶Šå§å¤§å¤§ owe å“ˆå“ˆå“ˆ from $10.59 to $6.59', 4.00, '2015-11-04'),
	(144667745366, 1, 'ty', 'buy', 'æˆ¿ç§Ÿ---- shared with å¼ å¤§ç¾Žå¥³,è¶Šå§å¤§å¤§----å¼ å¤§ç¾Žå¥³ owe è¶Šå§å¤§å¤§ from $-14.00 to $410.76', 849.52, '2015-11-04'),
	(144667767371, 1, 'ty', 'buy', 'ç½‘è´¹---- shared with å¼ å¤§ç¾Žå¥³,è¶Šå§å¤§å¤§----å¼ å¤§ç¾Žå¥³ owe è¶Šå§å¤§å¤§ from $410.76 to $440.28', 59.05, '2015-11-04'),
	(144667774582, 1, 'ty', 'buy', 'ä¸Šä¸ªæœˆç½‘è´¹---- shared with å¼ å¤§ç¾Žå¥³,è¶Šå§å¤§å¤§----å¼ å¤§ç¾Žå¥³ owe è¶Šå§å¤§å¤§ from $440.29 to $475.16', 69.74, '2015-11-04'),
	(144693715283, 1, 'zl', 'buy', 'ä¹‹å‰çš„ä¸¤æ¬¡é¢åŒ…ä¸€æ¬¡æ°´ï½ž---- shared with å¼ å¤§ç¾Žå¥³,è¶Šå§å¤§å¤§----å¼ å¤§ç¾Žå¥³ owe è¶Šå§å¤§å¤§ from $475.16 to $468.16', 14.00, '2015-11-07'),
	(144693727114, 1, 'zl', 'pay', '----å¼ å¤§ç¾Žå¥³ owe è¶Šå§å¤§å¤§ from $468.16 to $0.00', 468.16, '2015-11-07 16:01:11.144950-07:'),
	(144756696230, 1, 'zl', 'buy', 'lee lee é±¼å¹²---- shared with å“ˆå“ˆå“ˆ----å¼ å¤§ç¾Žå¥³ owe å“ˆå“ˆå“ˆ from $18.98 to $15.98', 3.00, '2015-11-13'),
	(144756702346, 1, 'zl', 'buy', 'éŸ©å›½è¶…å¸‚ é¥¼å’Œå¼ å›é›…---- shared with å“ˆå“ˆå“ˆ----å¼ å¤§ç¾Žå¥³ owe å“ˆå“ˆå“ˆ from $15.98 to $11.98', 4.00, '2015-11-14'),
	(144770710435, 1, 'meng', 'buy', 'è€å››å·---- shared with å¼ å¤§ç¾Žå¥³----å¼ å¤§ç¾Žå¥³ owe å“ˆå“ˆå“ˆ from $11.98 to $28.98', 17.00, '2015-11-16'),
	(144779936556, 1, 'zl', 'buy', 'cox---- shared with å¼ å¤§ç¾Žå¥³,è¶Šå§å¤§å¤§----è¶Šå§å¤§å¤§ owe å¼ å¤§ç¾Žå¥³ from $0.00 to $20.00', 39.99, '2015-11-17'),
	(144788915237, 17, '123', 'buy', 'cox---- shared with bob,123----bob owe 123 from $0.00 to $20.00', 39.99, '2015-11-18'),
	(144788927994, 17, '123', 'buy', 'fruit, books,candy---- shared with bob,123----bob owe 123 from $20.00 to $42.50', 45.00, '2015-11-1'),
	(144788937362, 17, 'Alice', 'buy', 'water fee---- shared with bob,123,Alice----bob owe Alice from $0.00 to $7.67----123 owe Alice from $0.00 to $7.67', 23.00, '2015-11-16'),
	(144789047828, 17, 'bob', 'buy', 'apartment rent 400, we need to separate into 3 parts. And I also bought some food for us.---- shared with bob,123,Alice----123 owe bob from $-42.50 to $101.50----Alice owe bob from $-7.67 to $136.33', 432.00, '2015-11-10'),
	(144825104126, 1, 'meng', 'buy', 'mekong---- shared with å¼ å¤§ç¾Žå¥³----å¼ å¤§ç¾Žå¥³ owe å“ˆå“ˆå“ˆ from $28.98 to $41.98', 13.00, '2015-11-22'),
	(144825107645, 1, 'meng', 'buy', 'mekong---- shared with è¶Šå§å¤§å¤§----è¶Šå§å¤§å¤§ owe å“ˆå“ˆå“ˆ from $6.59 to $17.25', 10.66, '2015-11-22'),
	(144901770731, 1, 'ty', 'buy', 'Godivaå·§å…‹åŠ›---- shared with å¼ å¤§ç¾Žå¥³,å“ˆå“ˆå“ˆ,è¶Šå§å¤§å¤§----è¶Šå§å¤§å¤§ owe å¼ å¤§ç¾Žå¥³ from $20.00 to $14.60----è¶Šå§å¤§å¤§ owe å“ˆå“ˆå“ˆ from $17.25 to $11.85', 16.20, '2015-11-26'),
	(144909778560, 1, 'ty', 'buy', 'Rent---- shared with å¼ å¤§ç¾Žå¥³,è¶Šå§å¤§å¤§----å¼ å¤§ç¾Žå¥³ owe è¶Šå§å¤§å¤§ from $-14.60 to $410.16', 849.52, '2015-12-02'),
	(144909805185, 1, 'ty', 'buy', 'Laura Mercier é®ç‘•---- shared with å¼ å¤§ç¾Žå¥³----å¼ å¤§ç¾Žå¥³ owe è¶Šå§å¤§å¤§ from $410.16 to $444.16', 34.00, '2015-12-02'),
	(144909847137, 1, 'ty', 'buy', 'kate spade é’±åŒ…---- shared with å¼ å¤§ç¾Žå¥³----å¼ å¤§ç¾Žå¥³ owe è¶Šå§å¤§å¤§ from $444.16 to $475.16', 31.00, '2015-12-02'),
	(144909852563, 1, 'ty', 'buy', 'æ´—è„¸åˆ·---- shared with å¼ å¤§ç¾Žå¥³,è¶Šå§å¤§å¤§----å¼ å¤§ç¾Žå¥³ owe è¶Šå§å¤§å¤§ from $475.16 to $547.16', 144.00, '2015-12-02'),
	(144909870377, 1, 'ty', 'buy', 'è™¾---- shared with å¼ å¤§ç¾Žå¥³----å¼ å¤§ç¾Žå¥³ owe è¶Šå§å¤§å¤§ from $547.16 to $552.16', 5.00, '2015-12-02'),
	(144909902400, 1, 'ty', 'buy', 'é¡¹é“¾---- shared with å¼ å¤§ç¾Žå¥³----å¼ å¤§ç¾Žå¥³ owe è¶Šå§å¤§å¤§ from $552.16 to $577.16', 25.00, '2015-12-02'),
	(144938431251, 1, 'zl', 'buy', 'forever 21 top---- shared with è¶Šå§å¤§å¤§----å¼ å¤§ç¾Žå¥³ owe è¶Šå§å¤§å¤§ from $577.16 to $551.16', 26.00, '2015-12-05'),
	(144938443309, 1, 'zl', 'buy', 'shampoo---- shared with è¶Šå§å¤§å¤§----å¼ å¤§ç¾Žå¥³ owe è¶Šå§å¤§å¤§ from $551.16 to $543.16', 8.00, '2015-12-05'),
	(144938478186, 1, 'zl', 'pay', '----å¼ å¤§ç¾Žå¥³ owe è¶Šå§å¤§å¤§ from $543.16 to $0.00', 543.16, '2015-12-05 23:53:01.859897-07:'),
	(145004848832, 19, 'ym', 'buy', 'å¡ä¸è½¦---- shared with å¯Œå¸…,æ¨èŒ,å”è¶Š,åˆ˜çŽ‰èŠ,å¼ ç£Š----å¯Œå¸… owe æ¨èŒ from $0.00 to $19.00----å”è¶Š owe æ¨èŒ from $0.00 to $19.00----åˆ˜çŽ‰èŠ owe æ¨èŒ from $0.00 to $19.00----å¼ ç£Š owe æ¨èŒ from $0.00 to $19.00', 95.00, '2015-12-10'),
	(145004853394, 19, 'xyq', 'buy', 'æ—©èŒ¶---- shared with å¯Œå¸…,æ¨èŒ,å”è¶Š,åˆ˜çŽ‰èŠ,å¼ ç£Š----å¯Œå¸… owe æ¨èŒ from $19.00 to $8.00----å”è¶Š owe å¯Œå¸… from $0.00 to $11.00----åˆ˜çŽ‰èŠ owe å¯Œå¸… from $0.00 to $11.00----å¼ ç£Š owe å¯Œå¸… from $0.00 to $11.00', 55.00, '2015-12-10'),
	(145005191422, 19, 'ty2', 'buy', 'ä¿é¾„çƒå’Œè–¯æ¡---- shared with å¯Œå¸…,æ¨èŒ,å”è¶Š,åˆ˜çŽ‰èŠ,å¼ ç£Š----å¯Œå¸… owe å”è¶Š from $-11.00 to $5.80----å”è¶Š owe æ¨èŒ from $19.00 to $2.20----åˆ˜çŽ‰èŠ owe å”è¶Š from $0.00 to $16.80----å¼ ç£Š owe å”è¶Š from $0.00 to $16.80', 84.00, '2015-12-12'),
	(145005261312, 1, 'meng', 'buy', 'å¡ä¸è½¦---- shared with å¼ å¤§ç¾Žå¥³,å“ˆå“ˆå“ˆ,è¶Šå§å¤§å¤§----å¼ å¤§ç¾Žå¥³ owe å“ˆå“ˆå“ˆ from $41.98 to $60.98----è¶Šå§å¤§å¤§ owe å“ˆå“ˆå“ˆ from $11.85 to $30.85', 57.00, '2015-12-10'),
	(145005278478, 1, 'ty', 'buy', 'ä¿é¾„çƒå’Œè–¯æ¡ï¼ˆ84/5ï¼‰*3---- shared with å¼ å¤§ç¾Žå¥³,å“ˆå“ˆå“ˆ,è¶Šå§å¤§å¤§----å¼ å¤§ç¾Žå¥³ owe è¶Šå§å¤§å¤§ from $0.00 to $16.80----è¶Šå§å¤§å¤§ owe å“ˆå“ˆå“ˆ from $30.85 to $14.05', 50.40, '2015-12-12'),
	(145005322429, 1, 'ty', 'buy', 'safewayçš„è™¾---- shared with å“ˆå“ˆå“ˆ,è¶Šå§å¤§å¤§----è¶Šå§å¤§å¤§ owe å“ˆå“ˆå“ˆ from $14.05 to $11.55', 5.00, '2015-12-9'),
	(145101846021, 0, 'lyz', 'pay', '----åˆ˜çŽ‰èŠ owe æ¨èŒ from $19.00 to $0.00', 19.00, '2015-12-24 21:41:00.216126-07:'),
	(145101846424, 0, 'lyz', 'pay', '----åˆ˜çŽ‰èŠ owe å¯Œå¸… from $11.00 to $0.00', 11.00, '2015-12-24 21:41:04.244779-07:'),
	(145101846758, 0, 'lyz', 'pay', '----åˆ˜çŽ‰èŠ owe å”è¶Š from $16.80 to $0.00', 16.80, '2015-12-24 21:41:07.580459-07:'),
	(145101849101, 19, 'xyq', 'pay', '----å¯Œå¸… owe æ¨èŒ from $8.00 to $0.00', 8.00, '2015-12-24 21:41:31.017305-07:'),
	(145101849439, 19, 'xyq', 'pay', '----å¯Œå¸… owe å”è¶Š from $5.80 to $0.00', 5.80, '2015-12-24 21:41:34.390463-07:'),
	(145101871902, 19, 'zl2', 'pay', '----å¼ ç£Š owe æ¨èŒ from $19.00 to $0.00', 19.00, '2015-12-24 21:45:19.029049-07:'),
	(145101872245, 19, 'zl2', 'pay', '----å¼ ç£Š owe å¯Œå¸… from $11.00 to $0.00', 11.00, '2015-12-24 21:45:22.458723-07:'),
	(145101872333, 19, 'zl2', 'pay', '----å¯Œå¸… owe å¼ ç£Š from $0.00 to $11.00', 11.00, '2015-12-24 21:45:23.331581-07:'),
	(145101872647, 19, 'zl2', 'pay', '----å¼ ç£Š owe å”è¶Š from $16.80 to $0.00', 16.80, '2015-12-24 21:45:26.471917-07:'),
	(145101943931, 1, 'meng', 'buy', 'Luxor 2æ™šæˆ¿è´¹---- shared with å¼ å¤§ç¾Žå¥³,April,å“ˆå“ˆå“ˆ,è¶Šå§å¤§å¤§----å¼ å¤§ç¾Žå¥³ owe å“ˆå“ˆå“ˆ from $60.98 to $93.78----April owe å“ˆå“ˆå“ˆ from $0.00 to $32.80----è¶Šå§å¤§å¤§ owe å“ˆå“ˆå“ˆ from $11.55 to $44.35', 131.20, '2015-12-22'),
	(145101952665, 1, 'meng', 'buy', 'Page Best Western 1æ™šçš„æˆ¿è´¹---- shared with å¼ å¤§ç¾Žå¥³,April,å“ˆå“ˆå“ˆ,è¶Šå§å¤§å¤§----å¼ å¤§ç¾Žå¥³ owe å“ˆå“ˆå“ˆ from $93.78 to $123.45----April owe å“ˆå“ˆå“ˆ from $32.80 to $62.47----è¶Šå§å¤§å¤§ owe å“ˆå“ˆå“ˆ from $44.35 to $74.02', 118.69, '2015-12-21'),
	(145101959965, 1, 'meng', 'buy', 'éº¦å½“åŠ³---- shared with å¼ å¤§ç¾Žå¥³,April,å“ˆå“ˆå“ˆ,è¶Šå§å¤§å¤§----å¼ å¤§ç¾Žå¥³ owe å“ˆå“ˆå“ˆ from $123.45 to $127.61----April owe å“ˆå“ˆå“ˆ from $62.47 to $66.63----è¶Šå§å¤§å¤§ owe å“ˆå“ˆå“ˆ from $74.02 to $78.18', 16.63, '2015-12-21'),
	(145101966483, 1, 'meng', 'buy', 'Zioné—¨ç¥¨---- shared with å¼ å¤§ç¾Žå¥³,April,å“ˆå“ˆå“ˆ,è¶Šå§å¤§å¤§----å¼ å¤§ç¾Žå¥³ owe å“ˆå“ˆå“ˆ from $127.61 to $135.11----April owe å“ˆå“ˆå“ˆ from $66.63 to $74.13----è¶Šå§å¤§å¤§ owe å“ˆå“ˆå“ˆ from $78.18 to $85.68', 30.00, '2015-12-22'),
	(145101976965, 1, 'meng', 'buy', 'Bellagio Buffet---- shared with å¼ å¤§ç¾Žå¥³,April,å“ˆå“ˆå“ˆ,è¶Šå§å¤§å¤§----å¼ å¤§ç¾Žå¥³ owe å“ˆå“ˆå“ˆ from $135.11 to $175.10----April owe å“ˆå“ˆå“ˆ from $74.13 to $114.11----è¶Šå§å¤§å¤§ owe å“ˆå“ˆå“ˆ from $85.68 to $125.67', 159.94, '2015-12-23'),
	(145101995599, 1, 'meng', 'buy', 'æ²¹è´¹---- shared with å¼ å¤§ç¾Žå¥³,April,å“ˆå“ˆå“ˆ,è¶Šå§å¤§å¤§----å¼ å¤§ç¾Žå¥³ owe å“ˆå“ˆå“ˆ from $175.09 to $187.59----April owe å“ˆå“ˆå“ˆ from $114.11 to $126.61----è¶Šå§å¤§å¤§ owe å“ˆå“ˆå“ˆ from $125.67 to $138.17', 50.00, '2015-12-24'),
	(145106644762, 1, 'zl', 'buy', 'ç¾šç¾Šè°·---- shared with å¼ å¤§ç¾Žå¥³,April,å“ˆå“ˆå“ˆ,è¶Šå§å¤§å¤§----April owe å¼ å¤§ç¾Žå¥³ from $0.00 to $50.00----å¼ å¤§ç¾Žå¥³ owe å“ˆå“ˆå“ˆ from $187.59 to $137.59----è¶Šå§å¤§å¤§ owe å¼ å¤§ç¾Žå¥³ from $-16.80 to $33.20', 200.00, '2015-12-22'),
	(145106656801, 1, 'zl', 'buy', 'Bangkok thai cuisine---- shared with å¼ å¤§ç¾Žå¥³,April,å“ˆå“ˆå“ˆ,è¶Šå§å¤§å¤§----April owe å¼ å¤§ç¾Žå¥³ from $50.00 to $64.39----å¼ å¤§ç¾Žå¥³ owe å“ˆå“ˆå“ˆ from $137.59 to $123.20----è¶Šå§å¤§å¤§ owe å¼ å¤§ç¾Žå¥³ from $33.20 to $47.59', 57.58, '2015-12-24'),
	(145106660359, 1, 'zl', 'buy', 'la vagas noodles---- shared with å¼ å¤§ç¾Žå¥³,April,å“ˆå“ˆå“ˆ,è¶Šå§å¤§å¤§----April owe å¼ å¤§ç¾Žå¥³ from $64.39 to $78.64----å¼ å¤§ç¾Žå¥³ owe å“ˆå“ˆå“ˆ from $123.19 to $108.94----è¶Šå§å¤§å¤§ owe å¼ å¤§ç¾Žå¥³ from $47.59 to $61.84', 57.00, '2015-12-23'),
	(145106668669, 1, 'zl', 'buy', 'cox---- shared with å¼ å¤§ç¾Žå¥³,è¶Šå§å¤§å¤§----è¶Šå§å¤§å¤§ owe å¼ å¤§ç¾Žå¥³ from $61.84 to $81.84', 39.99, '2015-12-25'),
	(145106862583, 1, 'meng', 'buy', 'ç¾šç¾Šè°·---- shared with å¼ å¤§ç¾Žå¥³,April,å“ˆå“ˆå“ˆ,è¶Šå§å¤§å¤§----å¼ å¤§ç¾Žå¥³ owe å“ˆå“ˆå“ˆ from $108.94 to $114.94----April owe å“ˆå“ˆå“ˆ from $126.61 to $132.61----è¶Šå§å¤§å¤§ owe å“ˆå“ˆå“ˆ from $138.17 to $144.17', 24.00, '2015-12-22'),
	(145107937858, 1, 'ty', 'buy', 'sedona pizza---- shared with å¼ å¤§ç¾Žå¥³,April,å“ˆå“ˆå“ˆ,è¶Šå§å¤§å¤§----è¶Šå§å¤§å¤§ owe å¼ å¤§ç¾Žå¥³ from $81.83 to $68.08----April owe è¶Šå§å¤§å¤§ from $0.00 to $13.75----è¶Šå§å¤§å¤§ owe å“ˆå“ˆå“ˆ from $144.17 to $130.42', 55.00, '2015-12-25'),
	(145108509012, 1, 'ty', 'buy', 'vegas buffet---- shared with å¼ å¤§ç¾Žå¥³,April,å“ˆå“ˆå“ˆ,è¶Šå§å¤§å¤§----è¶Šå§å¤§å¤§ owe å¼ å¤§ç¾Žå¥³ from $68.08 to $55.08----April owe è¶Šå§å¤§å¤§ from $13.75 to $26.75----è¶Šå§å¤§å¤§ owe å“ˆå“ˆå“ˆ from $130.42 to $117.42', 52.00, '2015-12-25'),
	(145108517022, 1, 'ty', 'buy', 'é…’æ°´---- shared with å¼ å¤§ç¾Žå¥³,April,å“ˆå“ˆå“ˆ,è¶Šå§å¤§å¤§----è¶Šå§å¤§å¤§ owe å¼ å¤§ç¾Žå¥³ from $55.08 to $50.24----April owe è¶Šå§å¤§å¤§ from $26.75 to $31.59----è¶Šå§å¤§å¤§ owe å“ˆå“ˆå“ˆ from $117.42 to $112.58', 19.35, '2015-12-25'),
	(145108527018, 1, 'ty', 'buy', 'ç”µè´¹---- shared with å¼ å¤§ç¾Žå¥³,è¶Šå§å¤§å¤§----è¶Šå§å¤§å¤§ owe å¼ å¤§ç¾Žå¥³ from $50.24 to $27.55', 45.38, '2015-12-25'),
	(145110457238, 1, 'ty', 'buy', 'Mario Badescu---- shared with å“ˆå“ˆå“ˆ----è¶Šå§å¤§å¤§ owe å“ˆå“ˆå“ˆ from $112.58 to $97.58', 15.00, '2015-12-25'),
	(145111450306, 1, 'April', 'pay', '----April owe å¼ å¤§ç¾Žå¥³ from $78.64 to $0.00', 78.64, '2015-12-26 00:21:43.062162-07:'),
	(145111450708, 1, 'April', 'pay', '----April owe è¶Šå§å¤§å¤§ from $31.59 to $0.00', 31.59, '2015-12-26 00:21:47.087645-07:'),
	(145111451167, 1, 'April', 'pay', '----April owe å“ˆå“ˆå“ˆ from $132.61 to $0.00', 132.61, '2015-12-26 00:21:51.670954-07:');
/*!40000 ALTER TABLE `transaction` ENABLE KEYS */;


-- Dumping structure for table lily.trans_detail
DROP TABLE IF EXISTS `trans_detail`;
CREATE TABLE IF NOT EXISTS `trans_detail` (
  `id` bigint(20) NOT NULL AUTO_INCREMENT,
  `trans_id` bigint(20) NOT NULL,
  `debtor` varchar(30) NOT NULL,
  `amount` float(10,2) NOT NULL,
  `percent` float(10,2) DEFAULT NULL,
  PRIMARY KEY (`id`),
  KEY `trans_id` (`trans_id`)
) ENGINE=MyISAM AUTO_INCREMENT=314 DEFAULT CHARSET=latin1;

-- Dumping data for table lily.trans_detail: 313 rows
/*!40000 ALTER TABLE `trans_detail` DISABLE KEYS */;
INSERT INTO `trans_detail` (`id`, `trans_id`, `debtor`, `amount`, `percent`) VALUES
	(1, 143564913038, 'zl', 10.00, NULL),
	(2, 143564913038, 'ty', 10.00, NULL),
	(3, 143564913038, 'meng', 10.00, NULL),
	(4, 143564922018, 'zl', 7.00, NULL),
	(5, 143564922018, 'ty', 7.00, NULL),
	(6, 143564922018, 'meng', 7.00, NULL),
	(7, 143568555582, 'meng', 9.99, NULL),
	(8, 143586772023, 'zl', 69.00, NULL),
	(9, 143586772023, 'ty', 69.00, NULL),
	(10, 143598794011, 'zl', 9.04, NULL),
	(11, 143598794011, 'meng', 9.04, NULL),
	(12, 143598794011, 'ty', 9.04, NULL),
	(13, 143598799557, 'zl', 1.86, NULL),
	(14, 143598799557, 'meng', 1.86, NULL),
	(15, 143598799557, 'ty', 1.86, NULL),
	(16, 143598809567, 'zl', 2.50, NULL),
	(17, 143598809567, 'ty', 2.50, NULL),
	(18, 143598814311, 'zl', 4.06, NULL),
	(19, 143598814311, 'ty', 4.06, NULL),
	(20, 143613203595, 'zl', 9.51, NULL),
	(21, 143613203595, 'meng', 9.51, NULL),
	(22, 143613203595, 'ty', 9.51, NULL),
	(23, 143640395989, 'zl', 1.42, NULL),
	(24, 143640395989, 'meng', 1.42, NULL),
	(25, 143640395989, 'ty', 1.42, NULL),
	(26, 143650456058, 'zl', 2.03, NULL),
	(27, 143650456058, 'ty', 2.03, NULL),
	(28, 143658743236, 'zl', 15.34, NULL),
	(29, 143658743236, 'meng', 15.34, NULL),
	(30, 143658743236, 'ty', 15.34, NULL),
	(31, 143658747011, 'zl', 7.53, NULL),
	(32, 143658747011, 'meng', 7.53, NULL),
	(33, 143658761491, 'zl', 5.00, NULL),
	(34, 143658899002, 'meng', 10.87, NULL),
	(35, 143673116060, 'meng', 11.08, NULL),
	(36, 143673125840, 'zl', 1.50, NULL),
	(37, 143673125840, 'ty', 1.50, NULL),
	(38, 143673132450, 'zl', 0.63, NULL),
	(39, 143673132450, 'meng', 0.63, NULL),
	(40, 143673132450, 'ty', 0.63, NULL),
	(41, 143673165249, 'zl', 3.93, NULL),
	(42, 143673165249, 'meng', 3.93, NULL),
	(43, 143673165249, 'ty', 3.93, NULL),
	(44, 143689930924, 'zl', 31.27, NULL),
	(45, 143689930924, 'meng', 2.84, NULL),
	(46, 143689930924, 'ty', 2.84, NULL),
	(47, 143690593311, 'zl', 12.32, NULL),
	(48, 143690593311, 'meng', 12.32, NULL),
	(49, 143690593311, 'ty', 12.32, NULL),
	(50, 143691255124, 'zl', 11.90, NULL),
	(51, 143691255124, 'ty', 11.90, NULL),
	(52, 143691257435, 'meng', 5.05, NULL),
	(53, 143691267802, 'ty', 40.00, NULL),
	(54, 143691273443, 'zl', 60.00, NULL),
	(55, 143726224665, 'zl', 0.92, NULL),
	(56, 143726224665, 'meng', 0.92, NULL),
	(57, 143726224665, 'ty', 0.92, NULL),
	(58, 143726968901, 'meng', 5.91, NULL),
	(59, 143727666932, 'zl', 19.17, NULL),
	(60, 143727666932, 'meng', 19.17, NULL),
	(61, 143727666932, 'ty', 19.17, NULL),
	(62, 143753685207, 'meng', 30.00, NULL),
	(63, 143753694241, 'meng', 35.00, NULL),
	(64, 143771892581, 'zl', 0.17, NULL),
	(65, 143771892581, 'meng', 0.17, NULL),
	(66, 143771892581, 'ty', 0.17, NULL),
	(67, 143772171607, 'zl', 0.63, NULL),
	(68, 143772171607, 'meng', 0.63, NULL),
	(69, 143772171607, 'ty', 0.63, NULL),
	(70, 143786707309, 'zl', 8.83, NULL),
	(71, 143786707309, 'meng', 8.83, NULL),
	(72, 143786707309, 'ty', 8.83, NULL),
	(73, 143786716332, 'zl', 12.78, NULL),
	(74, 143786716332, 'meng', 12.78, NULL),
	(75, 143786742185, 'zl', 55.50, NULL),
	(76, 143786742185, 'meng', 27.75, NULL),
	(77, 143786742185, 'ty', 27.75, NULL),
	(78, 143797367294, 'zl', 7.00, NULL),
	(79, 143797367294, 'meng', 7.00, NULL),
	(80, 143797367294, 'ty', 7.00, NULL),
	(81, 143803165454, 'zl', 1.43, NULL),
	(82, 143803165454, 'meng', 1.43, NULL),
	(83, 143803165454, 'ty', 1.43, NULL),
	(84, 143822696206, 'zl', 8.33, NULL),
	(85, 143822696206, 'meng', 8.33, NULL),
	(86, 143822696206, 'ty', 8.33, NULL),
	(87, 143829489695, 'zl', 0.50, NULL),
	(88, 143829489695, 'ty', 0.50, NULL),
	(89, 143856063485, 'meng', 28.52, NULL),
	(90, 143874510385, 'zl', 12.04, NULL),
	(91, 143874510385, 'meng', 12.04, NULL),
	(92, 143874510385, 'ty', 12.04, NULL),
	(93, 143874517234, 'zl', 3.50, NULL),
	(94, 143874517234, 'ty', 3.50, NULL),
	(95, 143874521102, 'zl', 15.63, NULL),
	(96, 143874521102, 'ty', 15.63, NULL),
	(97, 143874530283, 'zl', 14.19, NULL),
	(98, 143874530283, 'ty', 14.19, NULL),
	(99, 143881169199, 'zl', 2.54, NULL),
	(100, 143881169199, 'meng', 2.54, NULL),
	(101, 143881169199, 'ty', 2.54, NULL),
	(102, 143896824543, 'zl', 28.11, NULL),
	(103, 143896824543, 'ty', 28.11, NULL),
	(104, 143896847842, 'zl', 28.11, NULL),
	(105, 143896847842, 'ty', 28.11, NULL),
	(106, 143896871790, 'zl', 6.09, NULL),
	(107, 143896871790, 'ty', 6.09, NULL),
	(108, 143900796063, 'zl', 1.68, NULL),
	(109, 143900796063, 'meng', 1.68, NULL),
	(110, 143900796063, 'ty', 1.68, NULL),
	(111, 143909323240, 'zl', 14.39, NULL),
	(112, 143909323240, 'meng', 14.39, NULL),
	(113, 143909323240, 'ty', 14.39, NULL),
	(114, 143909385203, 'zl', 18.41, NULL),
	(115, 143909385203, 'ty', 18.41, NULL),
	(116, 143925067089, 'zl', 1.18, NULL),
	(117, 143925067089, 'meng', 1.18, NULL),
	(118, 143925067089, 'ty', 1.18, NULL),
	(119, 143925074191, 'zl', 5.00, NULL),
	(120, 143925074191, 'ty', 5.00, NULL),
	(121, 143967024884, 'zl', 15.07, NULL),
	(122, 143967024884, 'meng', 15.07, NULL),
	(123, 143967024884, 'ty', 15.07, NULL),
	(124, 144012984292, 'zl', 2.00, NULL),
	(125, 144012984292, 'meng', 2.00, NULL),
	(126, 144012984292, 'ty', 2.00, NULL),
	(127, 144022685885, 'zl', 1.27, NULL),
	(128, 144022685885, 'ty', 1.27, NULL),
	(129, 144029877942, 'zl', 1.77, NULL),
	(130, 144029877942, 'ty', 1.77, NULL),
	(131, 144057135720, 'ty', 14.95, NULL),
	(132, 144091439718, 'zl', 1.65, NULL),
	(133, 144091439718, 'ty', 1.65, NULL),
	(134, 144091480544, 'zl', 2.30, NULL),
	(135, 144091480544, 'ty', 2.30, NULL),
	(136, 144105926904, 'zl', 2.50, NULL),
	(137, 144105926904, 'meng', 2.50, NULL),
	(138, 144105967812, 'zl', 5.16, NULL),
	(139, 144105967812, 'meng', 5.16, NULL),
	(140, 144105967812, 'ty', 5.16, NULL),
	(141, 144117846576, 'ty', 600.00, NULL),
	(142, 144117852547, 'zl', 3.00, NULL),
	(143, 144117852547, 'meng', 3.00, NULL),
	(144, 144117860007, 'zl', 424.76, NULL),
	(145, 144117860007, 'ty', 424.76, NULL),
	(146, 144117876611, 'zl', 47.88, NULL),
	(147, 144117876611, 'ty', 47.88, NULL),
	(148, 144123699839, 'zl', 9.62, NULL),
	(149, 144123699839, 'meng', 9.62, NULL),
	(150, 144150826464, 'zl', 15.13, NULL),
	(151, 144150826464, 'meng', 15.13, NULL),
	(152, 144158333629, 'zl', 1.78, NULL),
	(153, 144158333629, 'ty', 1.78, NULL),
	(154, 144182796910, 'zl', 5.50, NULL),
	(155, 144182796910, 'ty', 5.50, NULL),
	(156, 144194888618, 'meng', 8.39, NULL),
	(157, 144210991705, 'zl', 32.23, NULL),
	(158, 144210991705, 'ty', 32.23, NULL),
	(159, 144210996876, 'zl', 10.50, NULL),
	(160, 144210996876, 'meng', 10.50, NULL),
	(161, 144216898135, 'meng', 1.00, NULL),
	(162, 144229336256, 'zl', 19.54, NULL),
	(163, 144229336256, 'ty', 19.54, NULL),
	(164, 144262244616, 'zl', 2.34, NULL),
	(165, 144262244616, 'ty', 2.34, NULL),
	(166, 144271652317, 'zl', 12.50, NULL),
	(167, 144271652317, 'meng', 12.50, NULL),
	(168, 144279676321, 'ty', 5.50, NULL),
	(169, 144279687769, 'zl', 0.75, NULL),
	(170, 144279687769, 'meng', 1.50, NULL),
	(171, 144279687769, 'ty', 0.75, NULL),
	(172, 144279731159, 'zl', 5.80, NULL),
	(173, 144279731159, 'ty', 5.80, NULL),
	(174, 144279736839, 'ty', 2.61, NULL),
	(175, 144322567299, 'ty', 5.72, NULL),
	(176, 144333749498, 'zl', 17.50, NULL),
	(177, 144333749498, 'meng', 17.50, NULL),
	(178, 144358989527, 'zl', 424.76, NULL),
	(179, 144358989527, 'ty', 424.76, NULL),
	(180, 144384304556, 'zl', 2.00, NULL),
	(181, 144384304556, 'ty', 2.00, NULL),
	(182, 144384332518, 'zl', 8.00, NULL),
	(183, 144384344026, 'zl', 4.50, NULL),
	(184, 144384347511, 'meng', 8.50, NULL),
	(185, 144401616513, 'zl', 19.00, NULL),
	(186, 144461017032, 'zl', 20.00, NULL),
	(187, 144461017032, 'ty', 20.00, NULL),
	(188, 144461029711, 'zl', 5.00, NULL),
	(189, 144461562473, 'meng', 7.63, NULL),
	(190, 144581135022, 'zl', 25.00, NULL),
	(191, 144581145666, 'zl', 13.00, NULL),
	(192, 144581145666, 'meng', 13.00, NULL),
	(193, 144667734720, 'zl', 6.00, NULL),
	(194, 144667734720, 'ty', 6.00, NULL),
	(195, 144667739091, 'meng', 4.00, NULL),
	(196, 144667745366, 'zl', 424.76, NULL),
	(197, 144667745366, 'ty', 424.76, NULL),
	(198, 144667767371, 'zl', 29.52, NULL),
	(199, 144667767371, 'ty', 29.52, NULL),
	(200, 144667774582, 'zl', 34.87, NULL),
	(201, 144667774582, 'ty', 34.87, NULL),
	(202, 144693715283, 'zl', 7.00, NULL),
	(203, 144693715283, 'ty', 7.00, NULL),
	(204, 144756696230, 'meng', 3.00, NULL),
	(205, 144756702346, 'meng', 4.00, NULL),
	(206, 144770710435, 'zl', 17.00, NULL),
	(207, 144779936556, 'zl', 20.00, NULL),
	(208, 144779936556, 'ty', 20.00, NULL),
	(209, 144788915237, 'bob', 20.00, NULL),
	(210, 144788915237, '123', 20.00, NULL),
	(211, 144788927994, 'bob', 22.50, NULL),
	(212, 144788927994, '123', 22.50, NULL),
	(213, 144788937362, 'bob', 7.67, NULL),
	(214, 144788937362, '123', 7.67, NULL),
	(215, 144788937362, 'Alice', 7.67, NULL),
	(216, 144789047828, 'bob', 144.00, NULL),
	(217, 144789047828, '123', 144.00, NULL),
	(218, 144789047828, 'Alice', 144.00, NULL),
	(219, 144825104126, 'zl', 13.00, NULL),
	(220, 144825107645, 'ty', 10.66, NULL),
	(221, 144901770731, 'zl', 5.40, NULL),
	(222, 144901770731, 'meng', 5.40, NULL),
	(223, 144901770731, 'ty', 5.40, NULL),
	(224, 144909778560, 'zl', 424.76, NULL),
	(225, 144909778560, 'ty', 424.76, NULL),
	(226, 144909805185, 'zl', 34.00, NULL),
	(227, 144909847137, 'zl', 31.00, NULL),
	(228, 144909852563, 'zl', 72.00, NULL),
	(229, 144909852563, 'ty', 72.00, NULL),
	(230, 144909870377, 'zl', 5.00, NULL),
	(231, 144909902400, 'zl', 25.00, NULL),
	(232, 144938431251, 'ty', 26.00, NULL),
	(233, 144938443309, 'ty', 8.00, NULL),
	(234, 145004848832, 'xyq', 19.00, NULL),
	(235, 145004848832, 'ym', 19.00, NULL),
	(236, 145004848832, 'ty2', 19.00, NULL),
	(237, 145004848832, 'lyz', 19.00, NULL),
	(238, 145004848832, 'zl2', 19.00, NULL),
	(239, 145004853394, 'xyq', 11.00, NULL),
	(240, 145004853394, 'ym', 11.00, NULL),
	(241, 145004853394, 'ty2', 11.00, NULL),
	(242, 145004853394, 'lyz', 11.00, NULL),
	(243, 145004853394, 'zl2', 11.00, NULL),
	(244, 145005191422, 'xyq', 16.80, NULL),
	(245, 145005191422, 'ym', 16.80, NULL),
	(246, 145005191422, 'ty2', 16.80, NULL),
	(247, 145005191422, 'lyz', 16.80, NULL),
	(248, 145005191422, 'zl2', 16.80, NULL),
	(249, 145005261312, 'zl', 19.00, NULL),
	(250, 145005261312, 'meng', 19.00, NULL),
	(251, 145005261312, 'ty', 19.00, NULL),
	(252, 145005278478, 'zl', 16.80, NULL),
	(253, 145005278478, 'meng', 16.80, NULL),
	(254, 145005278478, 'ty', 16.80, NULL),
	(255, 145005322429, 'meng', 2.50, NULL),
	(256, 145005322429, 'ty', 2.50, NULL),
	(257, 145101943931, 'zl', 32.80, NULL),
	(258, 145101943931, 'April', 32.80, NULL),
	(259, 145101943931, 'meng', 32.80, NULL),
	(260, 145101943931, 'ty', 32.80, NULL),
	(261, 145101952665, 'zl', 29.67, NULL),
	(262, 145101952665, 'April', 29.67, NULL),
	(263, 145101952665, 'meng', 29.67, NULL),
	(264, 145101952665, 'ty', 29.67, NULL),
	(265, 145101959965, 'zl', 4.16, NULL),
	(266, 145101959965, 'April', 4.16, NULL),
	(267, 145101959965, 'meng', 4.16, NULL),
	(268, 145101959965, 'ty', 4.16, NULL),
	(269, 145101966483, 'zl', 7.50, NULL),
	(270, 145101966483, 'April', 7.50, NULL),
	(271, 145101966483, 'meng', 7.50, NULL),
	(272, 145101966483, 'ty', 7.50, NULL),
	(273, 145101976965, 'zl', 39.98, NULL),
	(274, 145101976965, 'April', 39.98, NULL),
	(275, 145101976965, 'meng', 39.98, NULL),
	(276, 145101976965, 'ty', 39.98, NULL),
	(277, 145101995599, 'zl', 12.50, NULL),
	(278, 145101995599, 'April', 12.50, NULL),
	(279, 145101995599, 'meng', 12.50, NULL),
	(280, 145101995599, 'ty', 12.50, NULL),
	(281, 145106644762, 'zl', 50.00, NULL),
	(282, 145106644762, 'April', 50.00, NULL),
	(283, 145106644762, 'meng', 50.00, NULL),
	(284, 145106644762, 'ty', 50.00, NULL),
	(285, 145106656801, 'zl', 14.39, NULL),
	(286, 145106656801, 'April', 14.39, NULL),
	(287, 145106656801, 'meng', 14.39, NULL),
	(288, 145106656801, 'ty', 14.39, NULL),
	(289, 145106660359, 'zl', 14.25, NULL),
	(290, 145106660359, 'April', 14.25, NULL),
	(291, 145106660359, 'meng', 14.25, NULL),
	(292, 145106660359, 'ty', 14.25, NULL),
	(293, 145106668669, 'zl', 20.00, NULL),
	(294, 145106668669, 'ty', 20.00, NULL),
	(295, 145106862583, 'zl', 6.00, NULL),
	(296, 145106862583, 'April', 6.00, NULL),
	(297, 145106862583, 'meng', 6.00, NULL),
	(298, 145106862583, 'ty', 6.00, NULL),
	(299, 145107937858, 'zl', 13.75, NULL),
	(300, 145107937858, 'April', 13.75, NULL),
	(301, 145107937858, 'meng', 13.75, NULL),
	(302, 145107937858, 'ty', 13.75, NULL),
	(303, 145108509012, 'zl', 13.00, NULL),
	(304, 145108509012, 'April', 13.00, NULL),
	(305, 145108509012, 'meng', 13.00, NULL),
	(306, 145108509012, 'ty', 13.00, NULL),
	(307, 145108517022, 'zl', 4.84, NULL),
	(308, 145108517022, 'April', 4.84, NULL),
	(309, 145108517022, 'meng', 4.84, NULL),
	(310, 145108517022, 'ty', 4.84, NULL),
	(311, 145108527018, 'zl', 22.69, NULL),
	(312, 145108527018, 'ty', 22.69, NULL),
	(313, 145110457238, 'meng', 15.00, NULL);
/*!40000 ALTER TABLE `trans_detail` ENABLE KEYS */;


-- Dumping structure for table lily.users
DROP TABLE IF EXISTS `users`;
CREATE TABLE IF NOT EXISTS `users` (
  `id` int(11) NOT NULL AUTO_INCREMENT,
  `username` varchar(30) NOT NULL,
  `password` varchar(50) NOT NULL,
  `screen_name` varchar(30) NOT NULL,
  `type` varchar(30) NOT NULL COMMENT 'normal or super',
  `group_id` int(11) NOT NULL DEFAULT '0',
  PRIMARY KEY (`id`),
  UNIQUE KEY `username` (`username`)
) ENGINE=MyISAM AUTO_INCREMENT=20 DEFAULT CHARSET=latin1;

-- Dumping data for table lily.users: 17 rows
/*!40000 ALTER TABLE `users` DISABLE KEYS */;
INSERT INTO `users` (`id`, `username`, `password`, `screen_name`, `type`, `group_id`) VALUES
	(1, 'zl', '3aad20e566bf9d5585c9dfbafae029f9', 'å¼ å¤§ç¾Žå¥³', 'normal', 1),
	(2, 'cdh', '3aad20e566bf9d5585c9dfbafae029f9', 'cdh', 'normal', 2),
	(3, 'ty', '3aad20e566bf9d5585c9dfbafae029f9', 'è¶Šå§å¤§å¤§', 'normal', 1),
	(4, 'root', '3aad20e566bf9d5585c9dfbafae029f9', 'root', 'super', 0),
	(5, 'meng', '3aad20e566bf9d5585c9dfbafae029f9', 'å“ˆå“ˆå“ˆ', 'normal', 1),
	(7, 'April', '160173b2b4a677e3465d2b2a31af12d6', 'April', 'normal', 1),
	(8, 'Sophie', '2116207468f3d58bfe2b49615a2a474a', 'Sophie', 'normal', 0),
	(10, 'qq', '2cd9db975f43e36057d72b1810940beb', 'ww', 'normal', 0),
	(11, 'hattt', 'b12d62adb6f97e55735f1cdb9d08b9d7', 'btl@gmail.com', 'normal', 0),
	(12, '123', '3aad20e566bf9d5585c9dfbafae029f9', 'Lily', 'normal', 17),
	(13, 'bob', '3aad20e566bf9d5585c9dfbafae029f9', 'bob', 'normal', 17),
	(14, 'Alice', '3aad20e566bf9d5585c9dfbafae029f9', 'Alice', 'normal', 17),
	(15, 'ym', '3aad20e566bf9d5585c9dfbafae029f9', 'æ¨èŒ', 'normal', 19),
	(16, 'zl2', '3aad20e566bf9d5585c9dfbafae029f9', 'å¼ ç£Š', 'normal', 19),
	(17, 'xyq', '3aad20e566bf9d5585c9dfbafae029f9', 'å¯Œå¸…', 'normal', 19),
	(18, 'lyz', '3aad20e566bf9d5585c9dfbafae029f9', 'åˆ˜çŽ‰èŠ', 'normal', 0),
	(19, 'ty2', '3aad20e566bf9d5585c9dfbafae029f9', 'å”è¶Š', 'normal', 19);
/*!40000 ALTER TABLE `users` ENABLE KEYS */;
/*!40101 SET SQL_MODE=IFNULL(@OLD_SQL_MODE, '') */;
/*!40014 SET FOREIGN_KEY_CHECKS=IF(@OLD_FOREIGN_KEY_CHECKS IS NULL, 1, @OLD_FOREIGN_KEY_CHECKS) */;
/*!40101 SET CHARACTER_SET_CLIENT=@OLD_CHARACTER_SET_CLIENT */;
